{
    "rms": 0.7151434300654965,
    "K": [
        [
            1151.506020027545,
            0.0,
            921.2359793580124
        ],
        [
            0.0,
            1151.9867261742368,
            556.3416240952912
        ],
        [
            0.0,
            0.0,
            1.0
        ]
    ],
    "dist_coeff": [
        [
            0.09129557747831507,
            -0.21953944032558753,
            -0.000588149616378061,
            -0.0007096454764124754,
            0.09306682243779645
        ]
    ],
    "rvecs": [
        [
            [
                0.001091993372485303
            ],
            [
                0.9057425200768684
            ],
            [
                2.8168864011468444
            ]
        ],
        [
            [
                0.034454622534840294
            ],
            [
                0.8033598271785198
            ],
            [
                2.844555124505871
            ]
        ],
        [
            [
                0.060945347524442556
            ],
            [
                0.7490211895854999
            ],
            [
                2.8710638013525696
            ]
        ],
        [
            [
                0.07489006101768869
            ],
            [
                0.7447763873573304
            ],
            [
                2.896446006526939
            ]
        ],
        [
            [
                0.01422319521405833
            ],
            [
                0.6359994658406236
            ],
            [
                2.6485484844774376
            ]
        ],
        [
            [
                -0.010687793326778017
            ],
            [
                0.6341015925136232
            ],
            [
                2.5254247077851844
            ]
        ],
        [
            [
                -0.07431995026341452
            ],
            [
                0.6682717448125151
            ],
            [
                2.194417284823729
            ]
        ],
        [
            [
                -0.08000573326437649
            ],
            [
                0.6765423531826417
            ],
            [
                2.1946799500014715
            ]
        ],
        [
            [
                -0.07914891870929557
            ],
            [
                0.6862115883560701
            ],
            [
                2.2000064846213343
            ]
        ],
        [
            [
                -0.08185332454037532
            ],
            [
                0.7234990765186636
            ],
            [
                2.145592213062164
            ]
        ],
        [
            [
                -0.12231768308861247
            ],
            [
                0.7926807055667412
            ],
            [
                2.1152974210494726
            ]
        ],
        [
            [
                -0.12001285078263993
            ],
            [
                0.5670367128497329
            ],
            [
                2.2680419548536537
            ]
        ],
        [
            [
                -0.06254101555188744
            ],
            [
                0.4967667150360911
            ],
            [
                2.513166691663255
            ]
        ],
        [
            [
                0.07374629814782754
            ],
            [
                0.3848438816076965
            ],
            [
                3.0389068792348635
            ]
        ],
        [
            [
                0.2263563666132011
            ],
            [
                0.23802864492140485
            ],
            [
                3.048603292669856
            ]
        ],
        [
            [
                0.10031481641054814
            ],
            [
                0.17851954813620713
            ],
            [
                3.133319449040284
            ]
        ],
        [
            [
                0.8948562911343951
            ],
            [
                0.36592343387496834
            ],
            [
                2.9436165479747056
            ]
        ],
        [
            [
                0.922329040208929
            ],
            [
                0.5416277997096983
            ],
            [
                2.7838941455057307
            ]
        ],
        [
            [
                0.9409095897219572
            ],
            [
                0.5434992845980232
            ],
            [
                2.763987148108146
            ]
        ],
        [
            [
                0.5903606926667883
            ],
            [
                0.3492139635260422
            ],
            [
                3.046615742115003
            ]
        ],
        [
            [
                -0.4018328929503156
            ],
            [
                -0.054394997938468255
            ],
            [
                -2.873755832800972
            ]
        ],
        [
            [
                -0.5167281802680017
            ],
            [
                -0.005605714104692486
            ],
            [
                -2.5964733955542667
            ]
        ],
        [
            [
                -0.7604728455856714
            ],
            [
                0.09604796888819073
            ],
            [
                -2.5872379728089965
            ]
        ],
        [
            [
                -0.01707858228337983
            ],
            [
                0.18394422209604377
            ],
            [
                3.119233647646135
            ]
        ],
        [
            [
                -0.6086046651543129
            ],
            [
                -0.270958447318949
            ],
            [
                -2.670195107591406
            ]
        ],
        [
            [
                -0.6438127620929963
            ],
            [
                0.2805795904458441
            ],
            [
                -2.9084822155377337
            ]
        ],
        [
            [
                -0.6992936843722268
            ],
            [
                0.4690189255016753
            ],
            [
                -2.9184288538349272
            ]
        ],
        [
            [
                0.9486007371571149
            ],
            [
                -0.5939282629274413
            ],
            [
                2.8592672656953484
            ]
        ],
        [
            [
                0.8446868305585874
            ],
            [
                -0.4791352427370211
            ],
            [
                2.959318156865443
            ]
        ],
        [
            [
                -0.576887803522047
            ],
            [
                0.5910812814254671
            ],
            [
                -2.9787610017326616
            ]
        ],
        [
            [
                -0.28383959969245043
            ],
            [
                0.557975467961733
            ],
            [
                -2.887332023645708
            ]
        ],
        [
            [
                0.11491161096034412
            ],
            [
                0.5094619863588794
            ],
            [
                -2.683014465027696
            ]
        ],
        [
            [
                0.22943868651744387
            ],
            [
                0.1829282036600623
            ],
            [
                -2.6417393142194014
            ]
        ],
        [
            [
                0.15065293674873456
            ],
            [
                -0.07394409803758178
            ],
            [
                -2.7021304778418376
            ]
        ],
        [
            [
                -0.08970410376184583
            ],
            [
                -0.1642869888106547
            ],
            [
                -3.0396025720368396
